{"cameraMode":{"drawMode":0,"name":"Shaded","section":"Shading Mode"},"sceneLighting":true,"audioPlay":false,"sceneViewState":{"m_AlwaysRefresh":false,"showFog":true,"showSkybox":true,"showFlares":true,"showImageEffects":true,"showParticleSystems":true,"showVisualEffectGraphs":true,"m_FxEnabled":true},"in2DMode":false,"pivot":{"x":0.5509017705917358,"y":0.5379741191864014,"z":-1.4659614562988282},"rotation":{"x":-0.19854958355426789,"y":0.3021518588066101,"z":-0.06449849903583527,"w":-0.9301213622093201},"size":1.3896827697753907,"orthographic":false}